{
  "messageId": "1744649124352",
  "messageContent": "Hello Anouska! Based on your profile, here's some information I have:\n- Age: 21\n- Bio: I am a tech enthusiast\n- Career Goals: I wish to become a software engineer in the future.\n- Domains of Interest: AI, Machine Learning, Coding\n- Industry: technology\n- Experience: 0-2\n\nHere's what I found:\n\nनमस्कार!  येवणाऱ्या कांय कार्यक्रमांची माहिती ह्या प्रमाणे आसा:\n\n* **२७ मार्च २०२५, संध्याकाळी ५ वाजता:**  \"एसडीई वर्कशॉप\" (व्हर्च्युअल).\n* **१५ एप्रिल २०२५, दुपार १ वाजता:** \"टेक्नॉलॉजी क्षेत्रांतल्या स्त्रियांच्या नेतृत्वाचे वर्कशॉप\" (व्हर्च्युअल).  हे वर्कशॉप तुमच्या करिअरच्या विकासाखातीर खास उपयुक्त असेल.\n* **१० जून २०२५, संध्याकाळी ६ वाजता:**  \"महिला उद्योजकांची नेटवर्किंग ईव्हेंट\" (मुंबई).  हे तुमच्या नेटवर्किंग खातीर उत्तम संधी असेल.\n\n\nमाहितीच्या आधारावर हेच कार्यक्रम मला सांगता येतात.  तुमच्या करिअरच्या विकासासाठी अजून कांय मदत पाहिजे असल्यास, \"नारी शक्ती\" वेबसाइट किंवा \"All India Women's Conference\"  जैशी संस्थांच्या वेबसाइट पहा.  त्यांच्याकडून अजून कांय वर्कशॉप किंवा कार्यक्रमांची माहिती मिळू शकेल.",
  "feedbackType": "irrelevant",
  "feedbackText": "",
  "conversationId": "kAC4wE3BCazG06zqw9VL",
  "helpful": false,
  "language": "konkani",
  "id": "b139aa4c-ebb1-478b-aaac-d8b135920fbd",
  "feedback_id": "b139aa4c-ebb1-478b-aaac-d8b135920fbd",
  "timestamp": "2025-04-14T22:15:32.973191",
  "status": "pending",
  "preview": "Hello Anouska! Based on your profile, here's some information I have:\n- Age: 21\n- Bio: I am a tech e..."
}