[
  {
    "id": "0b38997e-4876-4ac4-9dc7-128f5a8133be",
    "feedbackType": "biased",
    "timestamp": "2025-04-14T00:23:34.865144",
    "status": "pending",
    "preview": "Hi there!  How can I help you with your career development today?  I have information about some upc..."
  },
  {
    "id": "b139aa4c-ebb1-478b-aaac-d8b135920fbd",
    "feedbackType": "irrelevant",
    "timestamp": "2025-04-14T22:15:32.973191",
    "status": "pending",
    "preview": "Hello Anouska! Based on your profile, here's some information I have:\n- Age: 21\n- Bio: I am a tech e..."
  },
  {
    "id": "ddce6933-ded5-4a77-be88-0d29c7d1b913",
    "feedbackType": "inaccurate",
    "timestamp": "2025-04-14T22:31:01.307533",
    "status": "pending",
    "preview": "Hello Anouska! Based on your profile, here's some information I have:\n- Age: 21\n- Bio: I am a tech e..."
  }
]