[
  {
    "id": "33ba2bf0-ab5a-4b42-b361-cba0174b0261",
    "timestamp": "2025-04-14T15:38:30.995083",
    "event_type": "chat",
    "data": {
      "query": "Show me job opportunities",
      "response_length": 1528,
      "response_time": 5.552313,
      "language": "English",
      "user_id": "Bg406Cg2mZV9Hlk8fwUG5DdNQa43",
      "topic": "career",
      "has_context": true
    }
  },
  {
    "id": "26a0b6dc-fe79-4038-b1b2-f51e1e1c155f",
    "timestamp": "2025-04-14T15:41:23.534006",
    "event_type": "chat",
    "data": {
      "query": "What events are coming up?",
      "response_length": 611,
      "response_time": 4.029127,
      "language": "English",
      "user_id": "Bg406Cg2mZV9Hlk8fwUG5DdNQa43",
      "topic": "general",
      "has_context": true
    }
  },
  {
    "id": "a67d8b4d-4cca-4c96-9448-3bb751ecb1d9",
    "timestamp": "2025-04-14T15:48:31.696176",
    "event_type": "chat",
    "data": {
      "query": "Show me job opportunities",
      "response_length": 1712,
      "response_time": 7.34799,
      "language": "English",
      "user_id": "Bg406Cg2mZV9Hlk8fwUG5DdNQa43",
      "topic": "career",
      "has_context": true
    }
  },
  {
    "id": "21a5d27f-922d-4343-9140-ae9ef3cce640",
    "timestamp": "2025-04-14T15:52:24.983240",
    "event_type": "chat",
    "data": {
      "query": "Show me job opportunities",
      "response_length": 1950,
      "response_time": 7.832473,
      "language": "English",
      "user_id": "Bg406Cg2mZV9Hlk8fwUG5DdNQa43",
      "topic": "career",
      "has_context": true
    }
  },
  {
    "id": "df7a8917-ef25-4064-ac13-f194222cfa7d",
    "timestamp": "2025-04-14T16:48:34.831187",
    "event_type": "chat",
    "data": {
      "query": "Show me job opportunities",
      "response_length": 1873,
      "response_time": 6.00767,
      "language": "English",
      "user_id": "Bg406Cg2mZV9Hlk8fwUG5DdNQa43",
      "topic": "career",
      "has_context": true
    }
  },
  {
    "id": "0a07d0f9-f40e-42b6-adf5-8c0917d83ede",
    "timestamp": "2025-04-14T16:53:29.067394",
    "event_type": "chat",
    "data": {
      "query": "Show me job opportunities",
      "response_length": 1857,
      "response_time": 7.517397,
      "language": "English",
      "user_id": "Bg406Cg2mZV9Hlk8fwUG5DdNQa43",
      "topic": "career",
      "has_context": true
    }
  },
  {
    "id": "0ebb5d25-d1c8-4f6b-9832-50c76d4d9aaa",
    "timestamp": "2025-04-14T17:05:16.176573",
    "event_type": "chat",
    "data": {
      "query": "help me find a job",
      "response_length": 1819,
      "response_time": 7.925415,
      "language": "English",
      "user_id": "Bg406Cg2mZV9Hlk8fwUG5DdNQa43",
      "topic": "career",
      "has_context": true
    }
  },
  {
    "id": "3e40bff4-e668-4f5c-ac9b-229c5293c7c7",
    "timestamp": "2025-04-14T19:14:38.512119",
    "event_type": "chat",
    "data": {
      "query": "hi",
      "response_length": 975,
      "response_time": 4.386947,
      "language": "English",
      "user_id": "Bg406Cg2mZV9Hlk8fwUG5DdNQa43",
      "topic": "general",
      "has_context": true
    }
  },
  {
    "id": "2e514067-5ccc-49bd-b503-6f173f52e4d2",
    "timestamp": "2025-04-14T19:15:11.569510",
    "event_type": "chat",
    "data": {
      "query": "Show me job opportunities",
      "response_length": 1611,
      "response_time": 5.0006,
      "language": "English",
      "user_id": "Bg406Cg2mZV9Hlk8fwUG5DdNQa43",
      "topic": "career",
      "has_context": true
    }
  },
  {
    "id": "8afd5505-2f5d-4e06-8ea4-715dfb8da6db",
    "timestamp": "2025-04-14T21:03:12.860362",
    "event_type": "chat",
    "data": {
      "query": "hello",
      "response_length": 1130,
      "response_time": 8.411148,
      "language": "English",
      "user_id": "anonymous",
      "topic": "general",
      "has_context": true
    }
  },
  {
    "id": "a968d844-a50b-4a87-b4ec-2529f9be432b",
    "timestamp": "2025-04-14T21:43:34.832527",
    "event_type": "chat",
    "data": {
      "query": "Show me job opportunities",
      "response_length": 1944,
      "response_time": 7.64576,
      "language": "English",
      "user_id": "Bg406Cg2mZV9Hlk8fwUG5DdNQa43",
      "topic": "career",
      "has_context": true
    }
  },
  {
    "id": "92d9f17d-9d2f-444d-9c30-16d7d7bf4185",
    "timestamp": "2025-04-14T21:44:04.634781",
    "event_type": "chat",
    "data": {
      "query": "What events are coming up?",
      "response_length": 727,
      "response_time": 6.641866,
      "language": "Punjabi",
      "user_id": "Bg406Cg2mZV9Hlk8fwUG5DdNQa43",
      "topic": "general",
      "has_context": true
    }
  },
  {
    "id": "ea5291fb-800d-40de-81f7-0bc9e93f8088",
    "timestamp": "2025-04-14T21:57:11.904916",
    "event_type": "chat",
    "data": {
      "query": "What events are coming up?",
      "response_length": 1187,
      "response_time": 7.618972,
      "language": "Marathi",
      "user_id": "Bg406Cg2mZV9Hlk8fwUG5DdNQa43",
      "topic": "general",
      "has_context": true
    }
  },
  {
    "id": "53e0c956-468e-4b02-b9e9-9b32a65ff0f1",
    "timestamp": "2025-04-14T21:58:01.918328",
    "event_type": "chat",
    "data": {
      "query": "Connect me with mentors",
      "response_length": 998,
      "response_time": 6.375101,
      "language": "Gujarati",
      "user_id": "Bg406Cg2mZV9Hlk8fwUG5DdNQa43",
      "topic": "mentorship",
      "has_context": true
    }
  },
  {
    "id": "b97fbf94-989b-4671-a0d5-125a48f8baeb",
    "timestamp": "2025-04-14T22:12:26.893152",
    "event_type": "chat",
    "data": {
      "query": "What events are coming up?",
      "response_length": 1120,
      "response_time": 12.083842,
      "language": "Telugu",
      "user_id": "Bg406Cg2mZV9Hlk8fwUG5DdNQa43",
      "topic": "general",
      "has_context": true
    }
  },
  {
    "id": "f791f1df-f9e1-46fd-9daa-c7159b265af1",
    "timestamp": "2025-04-14T22:15:24.334591",
    "event_type": "chat",
    "data": {
      "query": "What events are coming up?",
      "response_length": 1011,
      "response_time": 8.383695,
      "language": "Konkani",
      "user_id": "Bg406Cg2mZV9Hlk8fwUG5DdNQa43",
      "topic": "general",
      "has_context": true
    }
  },
  {
    "id": "8b66166d-d66e-46ba-b476-9c70d225ae4a",
    "timestamp": "2025-04-14T22:15:32.981943",
    "event_type": "feedback",
    "data": {
      "feedback_id": "b139aa4c-ebb1-478b-aaac-d8b135920fbd",
      "feedback_type": "irrelevant",
      "accuracy_rating": "unsure",
      "helpful": false,
      "user_id": "anonymous"
    }
  },
  {
    "id": "e7112a87-31dd-4675-9b4e-71054ee533ad",
    "timestamp": "2025-04-14T22:30:49.224286",
    "event_type": "chat",
    "data": {
      "query": "Show me job opportunities",
      "response_length": 1707,
      "response_time": 6.771846,
      "language": "English",
      "user_id": "Bg406Cg2mZV9Hlk8fwUG5DdNQa43",
      "topic": "career",
      "has_context": true
    }
  },
  {
    "id": "9f6c7046-b475-40a4-a1df-bfa7045e3946",
    "timestamp": "2025-04-14T22:31:01.312036",
    "event_type": "feedback",
    "data": {
      "feedback_id": "ddce6933-ded5-4a77-be88-0d29c7d1b913",
      "feedback_type": "inaccurate",
      "accuracy_rating": "unsure",
      "helpful": false,
      "user_id": "anonymous"
    }
  },
  {
    "id": "a0dd2f45-4d68-4d8f-b6d2-cfcce1a8564a",
    "timestamp": "2025-04-14T22:31:22.827424",
    "event_type": "chat",
    "data": {
      "query": "Help me improve my skills",
      "response_length": 1267,
      "response_time": 6.212258,
      "language": "Hindi",
      "user_id": "Bg406Cg2mZV9Hlk8fwUG5DdNQa43",
      "topic": "skill development",
      "has_context": true
    }
  },
  {
    "id": "7cf141aa-3c15-400d-930d-cc7d9ce84510",
    "timestamp": "2025-04-14T22:38:31.341927",
    "event_type": "chat",
    "data": {
      "query": "What events are coming up?",
      "response_length": 1243,
      "response_time": 5.849827,
      "language": "English",
      "user_id": "DIhI8KgX0YgJhEnd4uDD0qoz7632",
      "topic": "general",
      "has_context": true
    }
  },
  {
    "id": "530b8381-8f4c-45a6-9e5c-4809f77919b5",
    "timestamp": "2025-04-14T22:44:01.028106",
    "event_type": "chat",
    "data": {
      "query": "Show me job opportunities",
      "response_length": 1552,
      "response_time": 4.639871,
      "language": "English",
      "user_id": "DIhI8KgX0YgJhEnd4uDD0qoz7632",
      "topic": "career",
      "has_context": true
    }
  },
  {
    "id": "415a972a-d786-4041-84cb-05e7b6fb6e3f",
    "timestamp": "2025-04-14T22:45:01.028726",
    "event_type": "chat",
    "data": {
      "query": "What events are coming up?",
      "response_length": 1223,
      "response_time": 4.358517,
      "language": "English",
      "user_id": "DIhI8KgX0YgJhEnd4uDD0qoz7632",
      "topic": "general",
      "has_context": true
    }
  },
  {
    "id": "4dfccc08-14ba-4061-b5ff-2467e15fd33f",
    "timestamp": "2025-04-14T22:46:19.367085",
    "event_type": "chat",
    "data": {
      "query": "What events are coming up?",
      "response_length": 992,
      "response_time": 6.170462,
      "language": "English",
      "user_id": "DIhI8KgX0YgJhEnd4uDD0qoz7632",
      "topic": "general",
      "has_context": true
    }
  },
  {
    "id": "ffa17df4-781c-43c2-b47f-2914d734d279",
    "timestamp": "2025-04-14T22:50:14.337120",
    "event_type": "chat",
    "data": {
      "query": "What events are coming up?",
      "response_length": 1052,
      "response_time": 6.130953,
      "language": "English",
      "user_id": "DIhI8KgX0YgJhEnd4uDD0qoz7632",
      "topic": "general",
      "has_context": true
    }
  },
  {
    "id": "7dff71b0-c41e-4cd0-8185-4a733ca4d5e2",
    "timestamp": "2025-04-14T22:50:39.709957",
    "event_type": "chat",
    "data": {
      "query": "Show me job opportunities",
      "response_length": 1154,
      "response_time": 4.233248,
      "language": "English",
      "user_id": "DIhI8KgX0YgJhEnd4uDD0qoz7632",
      "topic": "career",
      "has_context": true
    }
  },
  {
    "id": "a91673b8-66bd-4c38-968f-7412278daa29",
    "timestamp": "2025-04-14T23:06:39.244417",
    "event_type": "chat",
    "data": {
      "query": "Show me job opportunities",
      "response_length": 1266,
      "response_time": 14.786535,
      "language": "English",
      "user_id": "DIhI8KgX0YgJhEnd4uDD0qoz7632",
      "topic": "career",
      "has_context": true
    }
  },
  {
    "id": "e680119d-1190-4a93-8f30-315afe725bcd",
    "timestamp": "2025-04-14T23:25:41.251648",
    "event_type": "chat",
    "data": {
      "query": "Show me job opportunities",
      "response_length": 1254,
      "response_time": 6.091889,
      "language": "English",
      "user_id": "DIhI8KgX0YgJhEnd4uDD0qoz7632",
      "topic": "career",
      "has_context": true
    }
  },
  {
    "id": "4010d3a0-0bb9-4544-9e1f-7811273c190a",
    "timestamp": "2025-04-14T23:58:28.320255",
    "event_type": "chat",
    "data": {
      "query": "Show me job opportunities",
      "response_length": 1383,
      "response_time": 5.693352,
      "language": "English",
      "user_id": "DIhI8KgX0YgJhEnd4uDD0qoz7632",
      "topic": "career",
      "has_context": true
    }
  }
]