[
  {
    "id": "174cad47-e2be-4d5f-9e7b-61fef5f1b23e",
    "timestamp": "2025-04-01T15:27:09.628300",
    "event_type": "chat",
    "data": {
      "query": "What events are coming up?",
      "language": "English",
      "topic": "general",
      "response_length": 663,
      "has_context": true
    }
  },
  {
    "id": "f345e49b-3ebc-44e8-aa8a-b20bea54a479",
    "timestamp": "2025-04-01T15:28:09.119877",
    "event_type": "bias_detected",
    "data": {
      "query": "girls cant play",
      "prevented": true,
      "bias_type": "general",
      "language": "English"
    }
  },
  {
    "id": "e94faa64-c51d-4eb6-9a75-9f6a6d6189d7",
    "timestamp": "2025-04-01T15:29:26.093505",
    "event_type": "feedback",
    "data": {
      "feedbackType": "biased",
      "feedbackLength": 0,
      "messageLength": 114,
      "hasConversationHistory": true
    }
  },
  {
    "id": "65d37bf8-a582-4455-8f3f-c15a96a7c703",
    "timestamp": "2025-04-01T21:09:56.118883",
    "event_type": "chat",
    "data": {
      "query": "Help me improve my skills",
      "language": "English",
      "topic": "skill",
      "response_length": 1106,
      "has_context": true
    }
  },
  {
    "id": "b8aded9c-cb95-47bc-a8f7-fa35ad780c1d",
    "timestamp": "2025-04-01T21:10:57.563505",
    "event_type": "chat",
    "data": {
      "query": "What events are coming up?",
      "language": "Hindi",
      "topic": "general",
      "response_length": 467,
      "has_context": true
    }
  },
  {
    "id": "7749ff57-90e7-45e7-a06a-ddbb3d152f1e",
    "timestamp": "2025-04-01T21:49:26.214281",
    "event_type": "chat",
    "data": {
      "query": "What events are coming up?",
      "language": "English",
      "topic": "general",
      "response_length": 720,
      "has_context": true
    }
  },
  {
    "id": "c8360edc-4916-4d62-9cfd-8bacdcb4f707",
    "timestamp": "2025-04-01T21:49:40.872203",
    "event_type": "chat",
    "data": {
      "query": "Show me job opportunities",
      "language": "Hindi",
      "topic": "career",
      "response_length": 831,
      "has_context": true
    }
  },
  {
    "id": "3ae2bc03-4f44-45fc-a5cf-b9cdfec8d011",
    "timestamp": "2025-04-01T22:12:27.120552",
    "event_type": "chat",
    "data": {
      "query": "What events are coming up?",
      "language": "English",
      "topic": "general",
      "response_length": 682,
      "has_context": true
    }
  },
  {
    "id": "c762f6bd-7e21-48fa-8a78-abc2aeccf4a5",
    "timestamp": "2025-04-01T22:12:49.134237",
    "event_type": "chat",
    "data": {
      "query": "What events are coming up?",
      "language": "Hindi",
      "topic": "general",
      "response_length": 383,
      "has_context": true
    }
  },
  {
    "id": "d311d306-8ace-42a8-9ddd-cf10071b4f88",
    "timestamp": "2025-04-01T22:18:05.795843",
    "event_type": "chat",
    "data": {
      "query": "What events are coming up?",
      "language": "English",
      "topic": "general",
      "response_length": 716,
      "has_context": true
    }
  },
  {
    "id": "e5113b12-a428-48d0-995d-ac9e98e4e5f5",
    "timestamp": "2025-04-01T22:18:24.611853",
    "event_type": "chat",
    "data": {
      "query": "Help me improve my skills",
      "language": "Hindi",
      "topic": "skill",
      "response_length": 825,
      "has_context": true
    }
  },
  {
    "id": "a105b4fb-014c-49f8-9b42-06334e7955ff",
    "timestamp": "2025-04-01T22:22:15.118121",
    "event_type": "chat",
    "data": {
      "query": "Connect me with mentors",
      "language": "English",
      "topic": "mentorship",
      "response_length": 1251,
      "has_context": true
    }
  },
  {
    "id": "fd559b9b-1587-4bd9-858e-3930f6727942",
    "timestamp": "2025-04-01T22:24:49.492769",
    "event_type": "chat",
    "data": {
      "query": "Help me improve my skills",
      "language": "English",
      "topic": "skill",
      "response_length": 872,
      "has_context": true
    }
  },
  {
    "id": "63f9b94f-c7a2-44ef-8c03-5243d98fd3ee",
    "timestamp": "2025-04-01T22:29:23.106495",
    "event_type": "chat",
    "data": {
      "query": "What events are coming up?",
      "language": "English",
      "topic": "general",
      "response_length": 696,
      "has_context": true
    }
  },
  {
    "id": "5cd711f9-1702-403e-87fe-c8cdab8e47b6",
    "timestamp": "2025-04-01T22:29:42.786600",
    "event_type": "chat",
    "data": {
      "query": "Help me improve my skills",
      "language": "Hindi",
      "topic": "skill",
      "response_length": 1187,
      "has_context": true
    }
  },
  {
    "id": "f7e24b2a-fb16-4e42-96d3-23a46cfdd38f",
    "timestamp": "2025-04-01T22:48:43.757648",
    "event_type": "chat",
    "data": {
      "query": "Connect me with mentors",
      "language": "English",
      "topic": "mentorship",
      "response_length": 888,
      "has_context": true
    }
  },
  {
    "id": "57d07c48-3a99-4164-a876-0cca7d9e9794",
    "timestamp": "2025-04-01T22:48:54.689227",
    "event_type": "chat",
    "data": {
      "query": "What events are coming up?",
      "language": "Hindi",
      "topic": "general",
      "response_length": 725,
      "has_context": true
    }
  },
  {
    "id": "3bc576a6-af68-4a4d-8ac2-bea1ca0881cb",
    "timestamp": "2025-04-01T22:51:28.085401",
    "event_type": "error",
    "data": {
      "query": "Connect me with mentors",
      "error": "name 'update_analytics_data' is not defined",
      "language": "English"
    }
  },
  {
    "id": "e1721bc1-1b86-4578-a37b-c8732a28cfc3",
    "timestamp": "2025-04-01T22:51:44.884777",
    "event_type": "error",
    "data": {
      "query": "What events are coming up?",
      "error": "name 'update_analytics_data' is not defined",
      "language": "English"
    }
  },
  {
    "id": "573a811e-fe74-40da-ac1e-2ee3dbdee19c",
    "timestamp": "2025-04-01T22:53:24.572216",
    "event_type": "chat",
    "data": {
      "query": "What events are coming up?",
      "language": "English",
      "topic": "general",
      "response_length": 685,
      "has_context": true,
      "response_time": 5.304308
    }
  },
  {
    "id": "a487e5d7-5287-4dbd-8331-d650ae6b3b0f",
    "timestamp": "2025-04-01T22:54:33.696077",
    "event_type": "chat",
    "data": {
      "query": "Show me job opportunities",
      "language": "Hindi",
      "topic": "career",
      "response_length": 930,
      "has_context": true,
      "response_time": 6.716147
    }
  },
  {
    "id": "3b99f101-5c0a-4f43-98fc-da8ca8c8fc66",
    "timestamp": "2025-04-01T23:06:32.115788",
    "event_type": "bias_detected",
    "data": {
      "query": "girls cnt",
      "prevented": true,
      "bias_type": "other",
      "language": "English"
    }
  },
  {
    "id": "2a9960ba-fe17-4149-9727-5a24b1300461",
    "timestamp": "2025-04-01T23:16:13.081442",
    "event_type": "chat",
    "data": {
      "query": "Connect me with mentors",
      "language": "English",
      "topic": "mentorship",
      "response_length": 1074,
      "has_context": true,
      "response_time": 5.761494
    }
  },
  {
    "id": "f6304061-78b3-4262-b1b1-114720845c86",
    "timestamp": "2025-04-01T23:17:04.920049",
    "event_type": "bias_detected",
    "data": {
      "query": "girls cannot do this",
      "prevented": true,
      "bias_type": "other",
      "language": "English"
    }
  }
]