[
  {
    "id": "c8d8577c-d1b7-4442-ba7d-44027461951e",
    "timestamp": "2025-04-02T02:45:22.876472",
    "event_type": "chat",
    "data": {
      "query": "What events are coming up?",
      "language": "English",
      "topic": "general",
      "response_length": 597,
      "has_context": true,
      "response_time": 5.721621
    }
  },
  {
    "id": "d4576ae8-2121-4197-9828-32ebd9acdab2",
    "timestamp": "2025-04-02T02:46:14.786767",
    "event_type": "chat",
    "data": {
      "query": "Connect me with mentors",
      "language": "English",
      "topic": "mentorship",
      "response_length": 1114,
      "has_context": true,
      "response_time": 5.635291
    }
  },
  {
    "id": "2463e9ac-1ac2-4955-9cf9-7a59e5f78afc",
    "timestamp": "2025-04-02T02:46:36.686323",
    "event_type": "bias_detected",
    "data": {
      "query": "girls cant",
      "prevented": true,
      "bias_type": "other",
      "language": "English"
    }
  },
  {
    "id": "93c07f0f-8e09-4e57-a5b0-da9af8d83e24",
    "timestamp": "2025-04-02T03:06:21.439598",
    "event_type": "bias_detected",
    "data": {
      "query": "girls cannot",
      "prevented": true,
      "bias_type": "other",
      "language": "English"
    }
  },
  {
    "id": "1a263c94-fca9-421e-b305-87160ed4bf0b",
    "timestamp": "2025-04-02T03:38:48.698619",
    "event_type": "chat",
    "data": {
      "query": "What events are coming up?",
      "language": "English",
      "topic": "general",
      "response_length": 764,
      "has_context": true,
      "response_time": 5.794032
    }
  },
  {
    "id": "92077376-2057-4eb9-b0a5-f848a3363b56",
    "timestamp": "2025-04-02T03:39:07.525594",
    "event_type": "chat",
    "data": {
      "query": "Show me job opportunities",
      "language": "Hindi",
      "topic": "career",
      "response_length": 923,
      "has_context": true,
      "response_time": 7.027113
    }
  },
  {
    "id": "f57bd1bf-7465-4962-993a-507c4a082578",
    "timestamp": "2025-04-02T03:39:22.011907",
    "event_type": "chat",
    "data": {
      "query": "Connect me with mentors",
      "language": "English",
      "topic": "mentorship",
      "response_length": 868,
      "has_context": true,
      "response_time": 6.193126
    }
  },
  {
    "id": "662867ef-7158-4e18-bb98-9bd09a95d155",
    "timestamp": "2025-04-02T03:39:33.792100",
    "event_type": "bias_detected",
    "data": {
      "query": "girls cannot",
      "prevented": true,
      "bias_type": "other",
      "language": "English"
    }
  },
  {
    "id": "9fcf8d5a-493b-4525-ac8e-07ce5696d511",
    "timestamp": "2025-04-02T03:48:00.470428",
    "event_type": "chat",
    "data": {
      "query": "Help me improve my skills",
      "language": "English",
      "topic": "skill",
      "response_length": 1470,
      "has_context": true,
      "response_time": 6.348117
    }
  },
  {
    "id": "e239db75-662c-46d4-bc12-c8422ddf312b",
    "timestamp": "2025-04-02T03:55:43.502990",
    "event_type": "chat",
    "data": {
      "query": "What events are coming up?",
      "language": "English",
      "topic": "general",
      "response_length": 626,
      "has_context": true,
      "response_time": 5.132375
    }
  },
  {
    "id": "7e7fef29-2623-47c8-80c4-8d240ae37787",
    "timestamp": "2025-04-02T03:57:43.599812",
    "event_type": "chat",
    "data": {
      "query": "What events are coming up?",
      "language": "English",
      "topic": "general",
      "response_length": 830,
      "has_context": true,
      "response_time": 5.927563
    }
  },
  {
    "id": "c6004c23-e054-4804-a334-e73a9d08eb34",
    "timestamp": "2025-04-02T04:03:41.664129",
    "event_type": "chat",
    "data": {
      "query": "What events are coming up?",
      "language": "English",
      "topic": "general",
      "response_length": 740,
      "has_context": true,
      "response_time": 6.03819
    }
  },
  {
    "id": "bd59d9b0-c3b1-4ad1-8d6d-e488f6218b7a",
    "timestamp": "2025-04-02T04:03:58.633889",
    "event_type": "feedback",
    "data": {
      "feedbackType": "inaccurate",
      "messageId": "1743546821680",
      "helpful": false,
      "timestamp": "2025-04-02T04:03:58.617074"
    }
  },
  {
    "id": "a3b148f9-586d-4826-b916-8fa197b7ea30",
    "timestamp": "2025-04-02T04:04:51.017215",
    "event_type": "chat",
    "data": {
      "query": "Help me improve my skills",
      "language": "English",
      "topic": "skill",
      "response_length": 834,
      "has_context": true,
      "response_time": 5.017281
    }
  },
  {
    "id": "601cb0fe-3604-4a6b-a88d-967ea39a3c0a",
    "timestamp": "2025-04-02T04:05:10.209203",
    "event_type": "chat",
    "data": {
      "query": "What events are coming up?",
      "language": "Hindi",
      "topic": "general",
      "response_length": 532,
      "has_context": true,
      "response_time": 5.73754
    }
  }
]