{
  "user_engagement": {
    "total_queries": 55,
    "queries_by_day": {
      "2025-03-26": 6,
      "2025-04-01": 18,
      "2025-04-02": 11,
      "2025-04-05": 20
    },
    "unique_users": 0,
    "avg_session_length": 0,
    "language_distribution": {
      "English": 42,
      "Hindi": 12,
      "Tamil": 1
    }
  },
  "response_accuracy": {
    "feedback_received": 6,
    "accuracy_rating": {
      "accurate": 0,
      "inaccurate": 4
    },
    "topics": {
      "career": 8,
      "general": 26,
      "skill": 12,
      "mentorship": 9
    }
  },
  "bias_metrics": {
    "bias_detected_count": 10,
    "bias_prevented_count": 10,
    "bias_types": {
      "general": 2,
      "other": 6,
      "gender": 2
    }
  }
}