{
  "messageId": "1744650049234",
  "messageContent": "Hello Anouska! Based on your profile, here's some information I have:\n- Age: 21\n- Bio: I am a tech enthusiast\n- Career Goals: I wish to become a software engineer in the future.\n- Domains of Interest: AI, Machine Learning, Coding\n- Industry: technology\n- Experience: 0-2\n\nHere's what I found:\n\nNamaste!  I'm Asha, here to help you with your career journey.  Based on your request for job opportunities, I've found three promising roles:\n\n1. **Product Manager - Returnship Program** at InnovateNow (Remote): This is a fantastic opportunity for women returning to the workforce after a career break.  The role includes training and mentorship. Apply here: https://innovatenow.in/careers/returnship-program\n\n2. **Digital Marketing Manager - Women Focused Brands** at HerMarketing (Chennai, Tamil Nadu): This role involves managing digital marketing campaigns for women-oriented brands. Apply here: https://hermarketing.in/careers/digital-marketing-manager\n\n3. **HR Diversity & Inclusion Specialist** at Inclusive Workplaces (Ahmedabad, Gujarat):  This position focuses on implementing and managing diversity and inclusion programs, with a strong emphasis on gender equality. Apply here: https://inclusiveworkplaces.org/careers/diversity-specialist\n\n\nTo further your job search, I suggest exploring these resources:\n\n* **Naukri.com or LinkedIn:** These platforms have extensive job postings across various industries in India, allowing you to refine your search based on your skills and preferences.  Be sure to utilize the advanced search filters to target your ideal roles.\n\n\nI wish you all the best in your job search!  Please feel free to ask if you have any further questions or need additional assistance.",
  "feedbackType": "inaccurate",
  "feedbackText": "",
  "conversationId": "8ssoR8cZGFAybQht4i3j",
  "helpful": false,
  "language": "english",
  "id": "ddce6933-ded5-4a77-be88-0d29c7d1b913",
  "feedback_id": "ddce6933-ded5-4a77-be88-0d29c7d1b913",
  "timestamp": "2025-04-14T22:31:01.307533",
  "status": "pending",
  "preview": "Hello Anouska! Based on your profile, here's some information I have:\n- Age: 21\n- Bio: I am a tech e..."
}