{
  "messageId": "1744570406989",
  "messageContent": "Hi there!  How can I help you with your career development today?  I have information about some upcoming events that might be of interest.",
  "feedbackType": "biased",
  "feedbackText": "",
  "conversationId": "48uYhDcF6MBGNFj1Ls3q",
  "helpful": true,
  "language": "english",
  "id": "0b38997e-4876-4ac4-9dc7-128f5a8133be",
  "feedback_id": "0b38997e-4876-4ac4-9dc7-128f5a8133be",
  "timestamp": "2025-04-14T00:23:34.865144",
  "status": "pending",
  "preview": "Hi there!  How can I help you with your career development today?  I have information about some upc..."
}