[
  {
    "id": "1",
    "title": "Women in Tech Leadership Workshop",
    "date": "2025-04-15",
    "time": "14:00",
    "location": "Virtual",
    "description": "Learn strategies for career advancement and professional development specifically designed for women in technology roles",
    "organizer": "Women Who Code",
    "registerUrl": "https://www.womenwhocode.com/events/leadership-workshop",
    "verified": true,
    "category": "career_development",
    "tags": ["women_in_tech", "leadership", "professional_growth"],
    "source": "Women Who Code Official Platform"
  },
  {
    "id": "2",
    "title": "She Leads - Mentorship Program Kickoff",
    "date": "2025-05-01",
    "time": "10:00",
    "location": "Bangalore",
    "description": "Join our inclusive mentorship program designed to connect women professionals with industry leaders in technology and business",
    "organizer": "Lean In India",
    "registerUrl": "https://leaninindia.com/programs/she-leads-mentorship",
    "verified": true,
    "category": "mentorship",
    "tags": ["women_mentorship", "career_guidance", "networking"],
    "source": "Lean In India Chapter"
  },
  {
    "id": "3",
    "title": "Women Entrepreneurs Networking Event",
    "date": "2025-06-10",
    "time": "18:00",
    "location": "Mumbai",
    "description": "Expand your professional network with women entrepreneurs, investors, and industry leaders focused on supporting women-led businesses",
    "organizer": "FICCI Ladies Organization",
    "registerUrl": "https://ficciflo.com/events/women-entrepreneurs-network",
    "verified": true,
    "category": "networking",
    "tags": ["entrepreneurship", "women_business", "networking"],
    "source": "FICCI Official Platform"
  },
  {
    "id": "4",
    "title": "Women in STEM Conference",
    "date": "2025-07-22",
    "time": "09:00",
    "location": "New Delhi",
    "description": "Annual conference highlighting achievements and opportunities for women in Science, Technology, Engineering, and Mathematics fields",
    "organizer": "Department of Science & Technology, Government of India",
    "registerUrl": "https://dst.gov.in/women-stem-conference-2025",
    "verified": true,
    "category": "conference",
    "tags": ["women_in_stem", "research", "innovation"],
    "source": "Department of Science & Technology Official Portal"
  },
  {
    "id": "5",
    "title": "Rural Women Digital Literacy Program",
    "date": "2025-08-05",
    "time": "11:00",
    "location": "Multiple Rural Centers",
    "description": "Initiative to train women from rural areas in digital literacy skills to enhance employment opportunities",
    "organizer": "Digital Empowerment Foundation",
    "registerUrl": "https://defindia.org/rural-women-digital-literacy",
    "verified": true,
    "category": "skill_development",
    "tags": ["digital_literacy", "rural_women", "employment"],
    "source": "Digital Empowerment Foundation"
  },
  {
    "id": "6",
    "title": "Women's Financial Independence Workshop",
    "date": "2025-09-18",
    "time": "16:00",
    "location": "Hyderabad",
    "description": "Workshop focused on financial literacy, investment strategies, and economic independence for women professionals",
    "organizer": "SEBI and NSE India",
    "registerUrl": "https://www.nseindia.com/education/women-financial-literacy",
    "verified": true,
    "category": "financial_literacy",
    "tags": ["financial_independence", "investment", "women_empowerment"],
    "source": "National Stock Exchange Education Initiative"
  },
  {
    "id": "7",
    "title": "Women in Leadership Summit",
    "date": "2025-10-25",
    "time": "09:30",
    "location": "Chennai",
    "description": "Summit bringing together women leaders from various industries to share experiences and strategies for breaking the glass ceiling",
    "organizer": "CII Indian Women Network",
    "registerUrl": "https://www.ciiiwnchennai.org/summit2025",
    "verified": true,
    "category": "leadership",
    "tags": ["women_leadership", "corporate_diversity", "executive_development"],
    "source": "Confederation of Indian Industry"
  },
  {
    "id": "8",
    "title": "Tech Skills for Women Returnees",
    "date": "2025-11-12",
    "time": "10:00",
    "location": "Virtual",
    "description": "Specialized program to help women returning to the workforce after a career break update their technical skills",
    "organizer": "JobsForHer",
    "registerUrl": "https://www.jobsforher.com/events/returnee-program",
    "verified": true,
    "category": "reskilling",
    "tags": ["women_returnees", "tech_skills", "career_relaunch"],
    "source": "JobsForHer Official Platform"
  },
  {
    "title": "SDE Workshop",
    "date": "2025-03-27",
    "time": "05:00",
    "location": "Virtual",
    "description": "",
    "id": "1742845073243"
  }
]