[
  {
    "id": "d17cde51-3f94-4b61-b8e2-cc8e6d2fa6c8",
    "timestamp": "2025-04-05T00:19:12.025270",
    "event_type": "chat",
    "data": {
      "query": "What events are coming up?",
      "language": "English",
      "topic": "general",
      "response_length": 638,
      "has_context": true,
      "response_time": 4.484567
    }
  },
  {
    "id": "925c5a69-06ea-4646-8b8f-a7e650fe9a8e",
    "timestamp": "2025-04-05T00:20:21.649241",
    "event_type": "feedback",
    "data": {
      "feedbackType": "inaccurate",
      "messageId": "1743792552039",
      "helpful": false,
      "timestamp": "2025-04-05T00:20:21.632682"
    }
  },
  {
    "id": "e35d904e-1cc8-418c-b4e3-d36ebdd92de3",
    "timestamp": "2025-04-05T01:01:05.030762",
    "event_type": "chat",
    "data": {
      "query": "What events are coming up?",
      "language": "English",
      "topic": "general",
      "response_length": 715,
      "has_context": true,
      "response_time": 5.276701
    }
  },
  {
    "id": "8533e94d-2c1f-450f-9e28-e2c4738ad772",
    "timestamp": "2025-04-05T01:01:24.226474",
    "event_type": "chat",
    "data": {
      "query": "Help me improve my skills",
      "language": "English",
      "topic": "skill",
      "response_length": 866,
      "has_context": true,
      "response_time": 5.408417
    }
  },
  {
    "id": "869ef23e-b93e-445d-8ccf-87cef013d1b9",
    "timestamp": "2025-04-05T01:01:35.775008",
    "event_type": "chat",
    "data": {
      "query": "Show me job opportunities",
      "language": "Hindi",
      "topic": "career",
      "response_length": 885,
      "has_context": true,
      "response_time": 6.395147
    }
  },
  {
    "id": "367e2083-0d80-4b2c-aeff-63bceec3aea3",
    "timestamp": "2025-04-05T02:30:34.802891",
    "event_type": "chat",
    "data": {
      "query": "Connect me with mentors",
      "language": "English",
      "topic": "mentorship",
      "response_length": 1380,
      "has_context": true,
      "response_time": 6.022608
    }
  },
  {
    "id": "0b33cd62-3be3-4e55-8d92-6da95f1cd887",
    "timestamp": "2025-04-05T02:31:06.725752",
    "event_type": "feedback",
    "data": {
      "feedbackType": "inaccurate",
      "messageId": "1743800434816",
      "helpful": false,
      "timestamp": "2025-04-05T02:31:06.714633"
    }
  },
  {
    "id": "f16c2c48-cf6a-4818-8b92-bf0a08853c18",
    "timestamp": "2025-04-05T02:32:07.262391",
    "event_type": "bias_detected",
    "data": {
      "query": "girls cant do anything",
      "prevented": true,
      "bias_type": "other",
      "language": "English"
    }
  },
  {
    "id": "856d2e06-2f68-40cc-8c45-bd3bd5b047c4",
    "timestamp": "2025-04-05T02:32:22.934609",
    "event_type": "chat",
    "data": {
      "query": "Connect me with mentors",
      "language": "English",
      "topic": "mentorship",
      "response_length": 1251,
      "has_context": true,
      "response_time": 5.823219
    }
  },
  {
    "id": "fb384ae4-328b-4628-8fa4-94e2dfa5b0af",
    "timestamp": "2025-04-05T02:40:31.304130",
    "event_type": "chat",
    "data": {
      "query": "What events are coming up?",
      "language": "English",
      "topic": "general",
      "response_length": 873,
      "has_context": true,
      "response_time": 5.689124
    }
  },
  {
    "id": "57a0e4e7-3b5e-4dab-ade9-48ee3a5ed0f2",
    "timestamp": "2025-04-05T03:03:52.157312",
    "event_type": "chat",
    "data": {
      "query": "Help me improve my skills",
      "language": "English",
      "topic": "skill",
      "response_length": 994,
      "has_context": true,
      "response_time": 5.562829
    }
  },
  {
    "id": "9d7e32f1-263f-4f9d-abfc-3a58e2d95e13",
    "timestamp": "2025-04-05T03:04:06.502020",
    "event_type": "chat",
    "data": {
      "query": "Show me job opportunities",
      "language": "English",
      "topic": "career",
      "response_length": 1303,
      "has_context": true,
      "response_time": 5.817825
    }
  },
  {
    "id": "82f6d5e1-0f49-418f-aefb-f8b7880990a5",
    "timestamp": "2025-04-05T03:04:52.860544",
    "event_type": "bias_detected",
    "data": {
      "query": "girls cant cook",
      "prevented": true,
      "bias_type": "gender",
      "language": "English"
    }
  },
  {
    "id": "db947c5b-cf32-4cdb-bf03-5e9843c04ca9",
    "timestamp": "2025-04-05T03:26:55.772816",
    "event_type": "chat",
    "data": {
      "query": "What events are coming up?",
      "language": "English",
      "topic": "general",
      "response_length": 746,
      "has_context": true,
      "response_time": 5.190543
    }
  },
  {
    "id": "aac40f19-3b71-4c18-8c20-5f8b060cb794",
    "timestamp": "2025-04-05T03:27:10.189004",
    "event_type": "chat",
    "data": {
      "query": "Help me improve my skills",
      "language": "Hindi",
      "topic": "skill",
      "response_length": 846,
      "has_context": true,
      "response_time": 6.558888
    }
  },
  {
    "id": "8d3b29c6-f37e-4a3f-9670-4d4985e4ed2b",
    "timestamp": "2025-04-05T04:12:51.999523",
    "event_type": "chat",
    "data": {
      "query": "What events are coming up?",
      "language": "English",
      "topic": "general",
      "response_length": 669,
      "has_context": true,
      "response_time": 6.254292
    }
  },
  {
    "id": "19139713-7ff5-4f6b-aa15-bfa8fa212ebb",
    "timestamp": "2025-04-05T04:13:09.109587",
    "event_type": "chat",
    "data": {
      "query": "Help me improve my skills",
      "language": "Tamil",
      "topic": "skill",
      "response_length": 1002,
      "has_context": true,
      "response_time": 7.182802
    }
  },
  {
    "id": "a87b833d-f6b0-469f-88c2-ee82d54efec0",
    "timestamp": "2025-04-05T04:13:13.585811",
    "event_type": "bias_detected",
    "data": {
      "query": "girls cannot fall",
      "prevented": true,
      "bias_type": "gender",
      "language": "Tamil"
    }
  },
  {
    "id": "5a40dbb7-922a-4e1a-8101-34bbcc00356e",
    "timestamp": "2025-04-05T04:16:56.851660",
    "event_type": "chat",
    "data": {
      "query": "Connect me with mentors",
      "language": "English",
      "topic": "mentorship",
      "response_length": 693,
      "has_context": true,
      "response_time": 5.806488
    }
  },
  {
    "id": "2fb1f0c3-7754-42b5-807d-12a64865d900",
    "timestamp": "2025-04-05T04:17:58.640470",
    "event_type": "chat",
    "data": {
      "query": "Connect me with mentors",
      "language": "English",
      "topic": "mentorship",
      "response_length": 1379,
      "has_context": true,
      "response_time": 6.44713
    }
  },
  {
    "id": "67ee9229-61d9-4d53-823a-18237c9a2027",
    "timestamp": "2025-04-05T04:20:19.656966",
    "event_type": "chat",
    "data": {
      "query": "Help me improve my skills",
      "language": "English",
      "topic": "skill",
      "response_length": 1334,
      "has_context": true,
      "response_time": 6.113621
    }
  },
  {
    "id": "0b0060cc-5c0f-4658-8bde-7a01f52005a7",
    "timestamp": "2025-04-05T04:20:32.186582",
    "event_type": "chat",
    "data": {
      "query": "What events are coming up?",
      "language": "English",
      "topic": "general",
      "response_length": 692,
      "has_context": true,
      "response_time": 5.930032
    }
  },
  {
    "id": "9c2a23df-be1e-48a5-b0b2-c37ec86f4545",
    "timestamp": "2025-04-05T04:30:52.490875",
    "event_type": "chat",
    "data": {
      "query": "Help me improve my skills",
      "language": "English",
      "topic": "skill",
      "response_length": 1140,
      "has_context": true,
      "response_time": 5.840519
    }
  },
  {
    "id": "df8deead-8140-42c3-b23c-aa4f8b68b553",
    "timestamp": "2025-04-05T04:45:04.023467",
    "event_type": "chat",
    "data": {
      "query": "give the complete list of jobs known to you",
      "language": "English",
      "topic": "career",
      "response_length": 984,
      "has_context": true,
      "response_time": 5.616698
    }
  },
  {
    "id": "c61d2361-bf8e-403a-aeaa-706123df03e0",
    "timestamp": "2025-04-05T04:56:22.748085",
    "event_type": "chat",
    "data": {
      "query": "What events are coming up?",
      "language": "English",
      "topic": "general",
      "response_length": 658,
      "has_context": true,
      "response_time": 5.660037
    }
  }
]