[
  {
    "id": "004c75f1-6516-40f3-8319-7e75ff2206f2",
    "timestamp": "2025-03-26T10:17:10.243605",
    "event_type": "chat",
    "data": {
      "query": "Show me job opportunities",
      "language": "English",
      "topic": "career",
      "response_length": 1247,
      "has_context": true
    }
  },
  {
    "id": "ac9b7292-bdd3-44c0-98fb-c4b2ccc07fa0",
    "timestamp": "2025-03-26T10:17:59.831876",
    "event_type": "chat",
    "data": {
      "query": "okay thank you",
      "language": "English",
      "topic": "general",
      "response_length": 409,
      "has_context": true
    }
  },
  {
    "id": "5f35d673-a060-4149-b74a-db855e529e4f",
    "timestamp": "2025-03-26T10:20:25.280110",
    "event_type": "chat",
    "data": {
      "query": "What events are coming up?",
      "language": "English",
      "topic": "general",
      "response_length": 755,
      "has_context": true
    }
  },
  {
    "id": "af0de5c6-6ea5-4c06-8e43-426149861ec9",
    "timestamp": "2025-03-26T10:20:34.998400",
    "event_type": "feedback",
    "data": {
      "feedbackType": "inaccurate",
      "feedbackLength": 0,
      "messageLength": 755,
      "hasConversationHistory": true
    }
  },
  {
    "id": "3eed176b-6aa1-489e-8f73-981fb6d72b62",
    "timestamp": "2025-03-26T10:20:50.643372",
    "event_type": "chat",
    "data": {
      "query": "thanks",
      "language": "English",
      "topic": "general",
      "response_length": 230,
      "has_context": true
    }
  },
  {
    "id": "f00eb852-7bec-4817-93d7-9f31eb048d82",
    "timestamp": "2025-03-26T10:20:58.225578",
    "event_type": "feedback",
    "data": {
      "feedbackType": "biased",
      "feedbackLength": 0,
      "messageLength": 230,
      "hasConversationHistory": true
    }
  },
  {
    "id": "37bf4d8c-12cf-4b77-bb9b-1429ba115d7e",
    "timestamp": "2025-03-26T10:55:05.479989",
    "event_type": "chat",
    "data": {
      "query": "What events are coming up?",
      "language": "Hindi",
      "topic": "general",
      "response_length": 582,
      "has_context": true
    }
  },
  {
    "id": "5836145b-28bc-49c5-82bd-d7621705bfe1",
    "timestamp": "2025-03-26T11:41:33.063574",
    "event_type": "bias_detected",
    "data": {
      "query": "girl should not talk",
      "prevented": true,
      "bias_type": "general",
      "language": "English"
    }
  },
  {
    "id": "9c3c8454-c3a2-46b1-83e6-4bf8acc14cc9",
    "timestamp": "2025-03-26T15:24:11.902019",
    "event_type": "chat",
    "data": {
      "query": "Show me job opportunities",
      "language": "English",
      "topic": "career",
      "response_length": 1160,
      "has_context": true
    }
  }
]